scenario,shocked_pair,shocked_rate,scenario_mtm_usd,scenario_pnl_usd
EURUSD -10%,EURUSD,0.9900000000000001,-616091.9540229859,-1099999.9999999981
EURUSD +10%,EURUSD,1.2100000000000002,1583908.0459770141,1100000.0000000019
GBPUSD -10%,GBPUSD,1.143,-151091.95402298775,-635000.0
GBPUSD +10%,GBPUSD,1.3970000000000002,1118908.0459770132,635000.0000000009
USDJPY -10%,USDJPY,135.0,-108684.54661558103,-592592.5925925933
USDJPY +10%,USDJPY,165.0,968756.5308254967,484848.4848484844
ALL rates -10%,ALL,,-1843684.5466155792,-2327592.5925925914
ALL rates +10%,ALL,,2703756.5308254994,2219848.484848487
